Date,Sentiment
2015-01-02,0.56940377
2015-01-05,0.71514046
2015-01-06,0.39499432
2015-01-07,-0.29762694
2015-01-08,-0.24286135
2015-01-09,0.6487103
2015-01-12,0.6887742
2015-01-13,0.55215496
2015-01-14,0.6059197
2015-01-15,0.85983354
2015-01-16,0.53591913
2015-01-20,0.847225
2015-01-21,0.2648697
2015-01-22,0.74006975
2015-01-23,-0.62302214
2015-01-26,0.77476126
2015-01-27,-0.09624462
2015-01-28,0.823136
2015-01-29,0.41022542
2015-01-30,0.59009373
2015-02-02,0.3644032
2015-02-03,0.38814104
2015-02-04,0.50863254
2015-02-05,0.50211406
2015-02-06,0.5417961
2015-02-09,0.41752848
2015-02-10,0.5331323
2015-02-11,0.3636222
2015-02-12,0.810536
2015-02-13,0.6278216
2015-02-17,0.71154547
2015-02-18,0.80011207
2015-02-19,0.64086926
2015-02-20,0.76381874
2015-02-24,0.7610078
2015-02-25,0.60462147
2015-02-26,0.6139674
2015-03-02,0.8259607
2015-03-03,-0.9183885
2015-03-04,0.7730842
2015-03-05,0.418485
2015-03-06,0.16538669
2015-03-09,0.49563822
2015-03-10,-0.0052392334
2015-03-11,0.84749156
2015-03-12,0.7326316
2015-03-13,0.75935215
2015-03-16,0.48910618
2015-03-17,-0.05197788
2015-03-18,0.18633367
2015-03-19,0.5915932
2015-03-23,0.24615197
2015-03-24,0.78860885
2015-03-25,0.7800633
2015-03-26,0.5806611
2015-03-27,0.68596154
2015-03-30,0.7682498
2015-04-01,0.8321047
2015-04-02,0.81213355
2015-04-06,0.6847402
2015-04-07,0.9087848
2015-04-08,0.26431704
2015-04-09,0.40709648
2015-04-13,0.20600156
2015-04-14,0.5000574
2015-04-15,0.24366932
2015-04-16,0.6690916
2015-04-17,0.43479374
2015-04-20,0.13396735
2015-04-21,0.30270362
2015-04-22,0.89917547
2015-04-23,0.8884581
2015-04-24,0.5996585
2015-04-27,-0.3105334
2015-04-28,0.020359732
2015-04-29,0.6249913
2015-04-30,0.4323792
2015-05-01,0.10534089
2015-05-04,0.34259218
2015-05-05,0.3440432
2015-05-06,0.64805317
2015-05-07,0.76761174
2015-05-08,0.67380786
2015-05-11,0.8276351
2015-05-12,0.7009462
2015-05-13,0.3013203
2015-05-14,0.60607696
2015-05-15,0.17266952
2015-05-18,0.5393391
2015-05-19,0.5516581
2015-05-20,0.33232948
2015-05-21,0.35668746
2015-05-22,0.4810226
2015-05-26,0.52122205
2015-05-27,0.58924985
2015-05-28,0.7415442
2015-05-29,0.009468482
2015-06-01,0.5634244
2015-06-02,0.2571499
2015-06-03,0.5123566
2015-06-04,0.61567926
2015-06-05,0.7929806
2015-06-08,0.4885838
2015-06-09,0.3924492
2015-06-10,0.3944073
2015-06-11,0.4868768
2015-06-12,0.62590593
2015-06-15,0.064724535
2015-06-16,0.37032327
2015-06-17,0.022908986
2015-06-18,0.7381179
2015-06-19,0.48930344
2015-06-22,0.83043414
2015-06-23,0.28492612
2015-06-24,0.8416596
2015-06-25,0.27961716
2015-06-26,0.51105565
2015-06-29,0.8286581
2015-06-30,0.60122246
2015-07-01,0.73876697
2015-07-02,-0.3182676
2015-07-06,0.2567204
2015-07-07,0.42660362
2015-07-08,0.4592467
2015-07-09,-0.0013333559
2015-07-10,-0.1358914
2015-07-13,0.48836195
2015-07-14,0.2873952
2015-07-15,0.5198658
2015-07-16,-0.056146145
2015-07-17,0.16681121
2015-07-20,0.67092854
2015-07-21,-0.012388632
2015-07-22,0.87927604
2015-07-23,0.8759801
2015-07-24,0.62484837
2015-07-27,0.837455
2015-07-28,0.6527026
2015-07-29,0.31928557
2015-07-30,0.66124034
2015-07-31,0.24861415
2015-08-03,0.36338893
2015-08-04,0.099303104
2015-08-05,0.6125662
2015-08-06,0.8771446
2015-08-07,0.2744709
2015-08-10,0.80055547
2015-08-11,0.4759174
2015-08-12,0.3213962
2015-08-13,0.51098084
2015-08-14,0.61816204
2015-08-17,0.5719262
2015-08-19,0.700227
2015-08-20,0.35456422
2015-08-21,0.26942906
2015-08-24,0.6417118
2015-08-25,0.5108212
2015-08-26,0.27143225
2015-08-28,0.73481333
2015-08-31,0.43526676
2015-09-01,0.4594735
2015-09-02,0.79620445
2015-09-03,0.61172163
2015-09-04,-0.07187014
2015-09-08,0.75676394
2015-09-09,0.5901901
2015-09-10,0.08719449
2015-09-11,0.64903075
2015-09-14,0.44362798
2015-09-15,0.2261093
2015-09-16,-0.011492237
2015-09-17,0.32729053
2015-09-18,0.8467368
2015-09-21,0.69141114
2015-09-22,0.27162996
2015-09-23,0.37992188
2015-09-24,0.41783655
2015-09-25,0.26389447
2015-09-29,0.15040882
2015-09-30,0.013777729
2015-10-01,0.7698766
2015-10-02,0.48340106
2015-10-05,-0.004225922
2015-10-06,0.2983498
2015-10-07,0.8816716
2015-10-08,0.23156308
2015-10-09,0.9007219
2015-10-12,0.6862499
2015-10-13,0.5591247
2015-10-14,0.7173813
2015-10-15,0.4578948
2015-10-16,0.6218146
2015-10-19,0.79271346
2015-10-20,0.8236482
2015-10-21,0.8245914
2015-10-22,0.65337783
2015-10-23,0.33927852
2015-10-26,0.5618061
2015-10-27,0.63737077
2015-10-28,0.54223377
2015-10-29,0.3015709
2015-10-30,0.8795737
2015-11-02,0.59830827
2015-11-03,0.2819644
2015-11-04,0.07538241
2015-11-05,0.23848854
2015-11-06,0.83957016
2015-11-09,0.49588785
2015-11-10,0.7592657
2015-11-11,0.6103087
2015-11-12,0.66539484
2015-11-13,0.8883368
2015-11-16,0.46633297
2015-11-17,0.42837176
2015-11-18,0.7121193
2015-11-19,0.6136244
2015-11-20,0.49786642
2015-11-23,0.009992795
2015-11-24,0.67106396
2015-11-25,0.49264708
2015-11-27,0.71963656
2015-11-30,0.65493625
2015-12-01,-0.26305726
2015-12-02,0.33259302
2015-12-03,0.8366977
2015-12-04,0.271967
2015-12-07,0.58317363
2015-12-08,0.6882211
2015-12-09,0.79832697
2015-12-10,0.37734428
2015-12-11,0.55017555
2015-12-14,0.10054977
2015-12-15,0.47038904
2015-12-16,0.2907302
2015-12-17,0.47650942
2015-12-18,0.6407701
2015-12-21,-0.2180157
2015-12-22,0.029553302
2015-12-23,0.35939765
2015-12-24,-0.052996863
2015-12-28,0.5200376
2015-12-30,0.8483824
2015-12-31,0.4938413
2016-01-04,0.45172307
2016-01-05,0.39845324
2016-01-06,0.6997301
2016-01-07,0.6260767
2016-01-08,0.36312488
2016-01-11,0.29743114
2016-01-12,-0.06993403
2016-01-13,0.5133706
2016-01-14,0.79623973
2016-01-15,0.6363814
2016-01-19,0.81977654
2016-01-20,0.4298561
2016-01-21,0.43876493
2016-01-22,0.47839093
2016-01-25,0.6231675
2016-01-26,0.8967814
2016-01-27,0.69655156
2016-01-28,0.9100335
2016-01-29,0.4486684
2016-02-01,-0.009490602
2016-02-02,0.60752714
2016-02-03,0.19156201
2016-02-04,0.87355137
2016-02-05,0.40001264
2016-02-08,0.65331364
2016-02-09,0.5467803
2016-02-10,0.544814
2016-02-11,0.46732447
2016-02-12,0.41713503
2016-02-16,0.11909667
2016-02-17,0.10263538
2016-02-19,0.85567564
2016-02-22,0.49140036
2016-02-23,0.6020043
2016-02-24,0.4105525
2016-02-25,-0.61427575
2016-02-26,0.6465168
2016-02-29,0.8828924
2016-03-01,0.4091614
2016-03-02,0.8392718
2016-03-03,0.6081676
2016-03-04,0.58260256
2016-03-07,0.854162
2016-03-08,0.33126938
2016-03-09,0.32511234
2016-03-10,0.15168586
2016-03-11,0.82659394
2016-03-14,0.84973997
2016-03-15,0.89113307
2016-03-16,0.061950684
2016-03-17,0.6601846
2016-03-18,0.010513883
2016-03-22,0.10145061
2016-03-23,0.36628065
2016-03-24,0.40962783
2016-03-28,0.4857466
2016-03-29,0.39175934
2016-03-30,0.7518685
2016-03-31,0.4388094
2016-04-01,0.4652166
2016-04-04,-0.6676792
2016-04-05,0.47420445
2016-04-06,0.33299986
2016-04-07,0.12769075
2016-04-08,-0.026229799
2016-04-11,-0.103226446
2016-04-12,-0.71832484
2016-04-13,0.1509398
2016-04-14,0.5999808
2016-04-15,0.2413405
2016-04-18,-0.2500259
2016-04-19,0.16270718
2016-04-20,0.84417087
2016-04-21,0.07639367
2016-04-22,0.113959074
2016-04-25,0.8810249
2016-04-26,0.056056876
2016-04-27,0.82749176
2016-04-29,0.63137907
2016-05-02,0.1669399
2016-05-03,0.029117882
2016-05-04,0.48132074
2016-05-05,0.2761673
2016-05-06,0.2825673
2016-05-09,0.79714346
2016-05-10,0.33738086
2016-05-11,0.8741553
2016-05-12,0.4876852
2016-05-13,0.58719426
2016-05-16,0.8302048
2016-05-17,0.5029269
2016-05-18,0.54058576
2016-05-19,0.6413296
2016-05-20,0.27372843
2016-05-23,0.3209084
2016-05-24,0.8274765
2016-05-25,0.50885516
2016-05-26,0.5929566
2016-05-27,0.6774179
2016-05-31,0.6450187
2016-06-01,0.2326595
2016-06-02,0.43979418
2016-06-03,0.043604083
2016-06-07,0.8521496
2016-06-08,0.2713187
2016-06-09,0.010690364
2016-06-10,0.8737702
2016-06-13,0.457174
2016-06-14,0.44357926
2016-06-15,0.8390838
2016-06-16,0.4378777
2016-06-17,0.48782426
2016-06-20,0.5999549
2016-06-21,0.80091935
2016-06-22,0.05545436
2016-06-23,0.6948162
2016-06-24,0.40284657
2016-06-27,0.0012323707
2016-06-28,0.878597
2016-06-29,0.112052895
2016-06-30,0.7266122
2016-07-01,0.08831586
2016-07-05,0.693248
2016-07-06,0.63803816
2016-07-07,0.3983587
2016-07-08,0.13214533
2016-07-11,0.50154203
2016-07-12,-0.07636562
2016-07-13,0.3466333
2016-07-14,0.11927891
2016-07-15,0.8215451
2016-07-18,0.8498368
2016-07-19,0.34918973
2016-07-20,0.6229244
2016-07-21,-0.018709183
2016-07-22,0.21058638
2016-07-25,0.8167216
2016-07-26,0.7710262
2016-07-27,0.7073595
2016-07-28,0.4683676
2016-07-29,0.02433326
2016-08-01,0.2413037
2016-08-02,-0.4684909
2016-08-03,0.3660951
2016-08-04,0.41501355
2016-08-05,0.03325051
2016-08-08,0.4300163
2016-08-09,0.49785453
2016-08-11,0.3148426
2016-08-12,0.4632754
2016-08-15,0.41743147
2016-08-16,0.7536315
2016-08-17,0.8218289
2016-08-19,0.44636053
2016-08-22,0.8755666
2016-08-29,0.71774566
2016-08-30,0.6849846
2016-08-31,0.6028668
2016-09-01,0.8546385
2016-09-02,0.6304504
2016-09-06,0.5897872
2016-09-07,0.35470775
2016-09-08,0.4062705
2016-09-09,0.087930895
2016-09-12,0.3662479
2016-09-13,0.4486167
2016-09-14,0.25540707
2016-09-15,0.668913
2016-09-16,0.043804824
2016-09-19,0.52547866
2016-09-20,0.84799856
2016-09-21,0.71101725
2016-09-22,0.8213716
2016-09-23,0.2249362
2016-09-26,0.073840484
2016-09-28,0.31912753
2016-09-29,0.4971078
2016-09-30,0.539248
2016-10-03,0.5592082
2016-10-04,0.3004409
2016-10-06,0.62026423
2016-10-07,0.3494182
2016-10-10,0.6761452
2016-10-11,0.6411238
2016-10-12,-0.45054036
2016-10-13,0.8589609
2016-10-14,0.5574407
2016-10-17,0.77631086
2016-10-18,0.52805424
2016-10-19,0.81054157
2016-10-20,0.39893222
2016-10-21,0.4281855
2016-10-24,0.7958788
2016-10-25,0.87212765
2016-10-26,0.4264806
2016-10-27,0.81951064
2016-10-28,0.75538373
2016-10-31,0.7393473
2016-11-01,0.61361355
2016-11-02,0.83622396
2016-11-03,0.45054126
2016-11-04,0.2598191
2016-11-07,0.85744816
2016-11-08,0.7186727
2016-11-09,0.00033315684
2016-11-10,0.7337622
2016-11-11,0.45375544
2016-11-14,0.26766303
2016-11-15,0.80598134
2016-11-16,0.46682757
2016-11-17,0.7065196
2016-11-18,0.89614755
2016-11-21,-0.10267055
2016-11-22,0.3010434
2016-11-23,0.4989854
2016-11-25,0.82036966
2016-11-28,0.7720271
2016-11-29,0.036320455
2016-11-30,0.69367707
2016-12-01,0.30810678
2016-12-02,0.7498209
2016-12-05,-0.07673814
2016-12-06,0.03347479
2016-12-07,0.44166481
2016-12-08,0.78122306
2016-12-09,0.793713
2016-12-12,0.7696748
2016-12-13,0.50948524
2016-12-14,0.7692798
2016-12-15,0.430697
2016-12-16,0.43008325
2016-12-19,0.57626635
2016-12-20,0.0062580667
2016-12-21,0.26644328
2016-12-22,0.8071366
2016-12-23,0.85834646
2016-12-27,0.6301607
2016-12-28,0.6533339
2016-12-29,0.7509358
2016-12-30,-0.037372146
2017-01-03,0.079943106
2017-01-04,0.55227596
2017-01-05,0.44941327
2017-01-06,-0.49203116
2017-01-10,0.7458784
2017-01-11,0.55880874
2017-01-12,0.8662154
2017-01-13,0.7285223
2017-01-17,0.71067476
2017-01-18,0.48168945
2017-01-19,-0.08556405
2017-01-20,0.02006961
2017-01-23,0.5780387
2017-01-24,0.3185859
2017-01-25,0.4017582
2017-01-26,0.4446883
2017-01-27,0.2196626
2017-01-31,0.575673
2017-02-01,0.31192803
2017-02-02,0.09773409
2017-02-03,0.447299
2017-02-06,0.77635753
2017-02-07,0.42201936
2017-02-08,0.44038218
2017-02-09,0.7015283
2017-02-10,0.7511972
2017-02-13,0.8119379
2017-02-14,0.87077403
2017-02-15,0.16782913
2017-02-16,0.8176605
2017-02-17,0.3163363
2017-02-21,0.15371272
2017-02-22,0.5698876
2017-02-23,0.76321834
2017-02-24,0.8641591
2017-02-27,0.38170138
2017-02-28,0.39284366
2017-03-01,0.55466735
2017-03-03,-0.2249985
2017-03-06,0.5614102
2017-03-07,0.33083305
2017-03-08,0.5573093
2017-03-09,0.6249724
2017-03-10,0.79267836
2017-03-13,0.22640033
2017-03-14,-0.08501065
2017-03-16,0.5801218
2017-03-17,0.7128296
2017-03-20,0.48099163
2017-03-21,0.27865204
2017-03-22,0.058860812
2017-03-23,0.8921352
2017-03-24,0.3840399
2017-03-27,0.5270375
2017-03-28,-0.2250934
2017-03-29,0.38943213
2017-03-30,0.91282403
2017-03-31,-0.059719052
2017-04-03,0.18191542
2017-04-04,0.73713344
2017-04-05,0.5409699
2017-04-06,0.58283496
2017-04-07,0.1422474
2017-04-10,0.5044552
2017-04-11,0.3610882
2017-04-12,-0.005073622
2017-04-13,0.74047834
2017-04-17,0.5285445
2017-04-18,0.57056296
2017-04-19,0.8185556
2017-04-20,0.52964044
2017-04-21,0.5202614
2017-04-24,-0.14222531
2017-04-25,0.4172419
2017-04-26,0.5686096
2017-04-27,0.5539546
2017-04-28,0.49328423
2017-05-02,0.5397313
2017-05-03,0.7905825
2017-05-04,0.01760143
2017-05-05,0.89578134
2017-05-08,0.77888834
2017-05-09,0.1604498
2017-05-10,0.42228752
2017-05-11,0.6245166
2017-05-12,0.8826931
2017-05-15,0.44407028
2017-05-16,0.29622346
2017-05-17,0.49645337
2017-05-18,0.38658917
2017-05-22,0.2956288
2017-05-23,0.64710975
2017-05-24,0.3422098
2017-05-30,0.38248554
2017-05-31,0.8204028
2017-06-01,0.5289886
2017-06-02,0.29698604
2017-06-05,0.44003126
2017-06-07,0.53259426
2017-06-08,0.7820063
2017-06-09,0.8872158
2017-06-12,0.52595586
2017-06-13,0.45185092
2017-06-14,0.0328632
2017-06-15,0.853678
2017-06-16,0.66107297
2017-06-19,0.6693953
2017-06-20,-0.016057411
2017-06-21,0.8389004
2017-06-22,0.77424496
2017-06-23,0.6549886
2017-06-26,0.08213848
2017-06-27,0.0040732087
2017-06-28,0.17360125
2017-06-29,0.6347979
2017-06-30,0.8861262
2017-07-03,0.03596735
2017-07-05,0.059208896
2017-07-06,0.71712184
2017-07-07,0.7408792
2017-07-10,0.584092
2017-07-11,0.4353004
2017-07-12,0.18553357
2017-07-13,0.7206099
2017-07-14,0.7557062
2017-07-17,0.70119095
2017-07-18,0.011049746
2017-07-19,0.5816335
2017-07-20,0.29944867
2017-07-24,0.8989966
2017-07-25,0.08451295
2017-07-26,0.8203059
2017-07-27,0.56316644
2017-07-28,0.7741096
2017-07-31,0.7958943
2017-08-01,0.2032941
2017-08-02,0.8527286
2017-08-03,0.19529882
2017-08-04,0.80721813
2017-08-07,0.86021054
2017-08-08,0.22064015
2017-08-09,0.6190678
2017-08-10,0.12328994
2017-08-14,0.79003733
2017-08-16,0.023597047
2017-08-17,0.69726104
2017-08-18,0.45611858
2017-08-21,-0.16585152
2017-08-22,0.5942019
2017-08-23,0.28895876
2017-08-24,0.5703467
2017-08-28,0.458465
2017-08-30,0.6094747
2017-08-31,0.53059953
2017-09-01,0.023732176
2017-09-05,0.85578406
2017-09-06,0.7588405
2017-09-07,0.54834616
2017-09-08,0.76171273
2017-09-11,-0.7997136
2017-09-12,0.37282777
2017-09-13,-0.17017207
2017-09-14,-0.7024708
2017-09-15,0.43161094
2017-09-18,0.43066165
2017-09-19,-0.081700504
2017-09-20,-0.2849201
2017-09-21,0.09327798
2017-09-22,0.6709554
2017-09-25,0.013964172
2017-09-26,0.515128
2017-09-27,0.3434792
2017-09-28,-0.8618567
2017-09-29,0.088483095
2017-10-02,0.42887858
2017-10-03,0.5423937
2017-10-04,0.6444273
2017-10-05,-0.8719948
2017-10-06,0.24711911
2017-10-09,0.50462526
2017-10-10,-0.25927967
2017-10-11,0.76516634
2017-10-12,0.8145233
2017-10-13,0.4201954
2017-10-16,0.4802793
2017-10-17,0.67789084
2017-10-18,-0.3149551
2017-10-19,0.6157818
2017-10-20,0.8326883
2017-10-23,0.36695138
2017-10-24,0.34170106
2017-10-25,0.8184136
2017-10-27,0.3817129
2017-10-30,0.42063195
2017-10-31,0.20460552
2017-11-01,0.8320002
2017-11-02,0.70316017
2017-11-03,0.45806652
2017-11-06,0.4820196
2017-11-07,0.5950498
2017-11-08,0.8009426
2017-11-09,0.29925567
2017-11-10,0.0599896
2017-11-13,0.5629925
2017-11-14,0.5464111
2017-11-15,0.51848716
2017-11-16,0.34817553
2017-11-20,0.8539529
2017-11-21,0.6568126
2017-11-22,0.69639134
2017-11-24,0.836561
2017-11-29,-0.25665084
2017-11-30,0.68204516
2017-12-04,0.8171751
2017-12-05,0.67684716
2017-12-06,0.8708554
2017-12-07,0.26742804
2017-12-08,0.84153485
2017-12-11,0.6890873
2017-12-18,0.76479155
2017-12-19,0.22887166
2017-12-20,0.83752537
2017-12-21,-0.007625833
2017-12-22,0.44166234
2017-12-26,0.25952995
2017-12-27,-0.5987016
2017-12-28,0.20780182
2017-12-29,-0.17685758
2018-01-02,-0.17341161
2018-01-03,0.0652839
2018-01-04,0.7558448
2018-01-05,-0.49666846
2018-01-08,0.5267055
2018-01-09,-0.15744327
2018-01-10,0.43508676
2018-01-12,0.7366195
2018-01-16,0.3861419
2018-01-17,0.34416246
2018-01-18,0.18145904
2018-01-19,0.8704612
2018-01-22,0.48944905
2018-01-23,0.3421851
2018-01-24,0.83084595
2018-01-25,0.8256815
2018-01-26,-0.018346323
2018-01-29,0.88905
2018-01-30,0.3995879
2018-01-31,0.76839334
2018-02-01,0.7449133
2018-02-02,0.2721364
2018-02-05,0.12886299
2018-02-06,0.2616002
2018-02-07,0.3716601
2018-02-08,0.52888983
2018-02-09,0.5593531
2018-02-12,0.4672154
2018-02-13,0.64711624
2018-02-14,-0.74737996
2018-02-15,-0.048168622
2018-02-16,0.47638258
2018-02-20,-0.18329579
2018-02-21,0.86650157
2018-02-22,0.40841246
2018-02-23,-0.33162165
2018-02-26,0.73056936
2018-02-27,0.28334767
2018-02-28,0.29696384
2018-03-01,-0.091395125
2018-03-02,-0.14951316
2018-03-05,0.8404246
2018-03-06,0.24168949
2018-03-07,0.5874803
2018-03-08,0.38646957
2018-03-09,0.60872656
2018-03-12,0.4930269
2018-03-13,0.8257783
2018-03-14,0.50230116
2018-03-15,0.8860723
2018-03-16,0.723668
2018-03-19,0.48825306
2018-03-20,0.7675562
2018-03-21,0.6442873
2018-03-22,0.78356737
2018-03-23,0.14384118
2018-03-26,-0.032784402
2018-03-27,0.82993966
2018-03-28,0.2852228
2018-03-29,0.20060214
2018-04-02,0.41855523
2018-04-03,0.21914618
2018-04-04,0.87780476
2018-04-05,-0.24791877
2018-04-06,0.6084704
2018-04-09,0.32347903
2018-04-10,0.53098077
2018-04-11,0.5108954
2018-04-12,0.902874
2018-04-13,0.490571
2018-04-16,0.20021315
2018-04-17,0.6461774
2018-04-18,0.13823137
2018-04-19,0.87871337
2018-04-23,0.18465193
2018-04-24,0.52777493
2018-04-25,0.65353954
2018-04-26,0.15869445
2018-04-27,0.5001781
2018-04-30,0.24087302
2018-05-01,0.76417196
2018-05-02,0.6309201
2018-05-03,0.2728555
2018-05-04,0.83664244
2018-05-07,0.8717591
2018-05-08,0.6775965
2018-05-09,0.22614153
2018-05-10,0.3499751
2018-05-11,0.018399507
2018-05-14,0.20177878
2018-05-15,0.034370966
2018-05-16,0.1516866
2018-05-17,0.5551204
2018-05-18,0.63376886
2018-05-21,0.4469748
2018-05-22,0.11568077
2018-05-23,0.85781664
2018-05-24,0.7181597
2018-05-25,0.15706268
2018-05-29,0.2822978
2018-05-30,-0.68716204
2018-05-31,0.09021696
2018-06-01,0.44048095
2018-06-04,0.57962054
2018-06-05,0.035355765
2018-06-06,0.71359265
2018-06-07,0.052513957
2018-06-08,-0.099266976
2018-06-11,0.89409715
2018-06-12,0.018713435
2018-06-13,0.4591455
2018-06-14,0.8531526
2018-06-15,0.36974308
2018-06-18,0.48850477
2018-06-19,0.4598418
2018-06-20,0.50193185
2018-06-21,0.89190483
2018-06-22,0.00045645237
2018-06-25,0.92245764
2018-06-26,-0.8040789
2018-06-27,0.8438067
2018-06-28,0.58769083
2018-07-02,0.39714944
2018-07-03,-0.057049174
2018-07-05,0.06889871
2018-07-06,0.14219795
2018-07-09,-0.01528548
2018-07-10,0.13219388
2018-07-11,-0.27056596
2018-07-12,0.86439586
2018-07-13,0.31502494
2018-07-16,0.21321487
2018-07-17,0.83810395
2018-07-18,-0.0015020967
2018-07-19,0.7131139
2018-07-20,0.7006174
2018-07-23,-0.044603013
2018-07-24,0.65023696
2018-07-25,-0.8692629
2018-07-26,0.8428384
2018-07-27,0.44981754
2018-07-30,0.5799384
2018-07-31,0.71622396
2018-08-01,0.3981608
2018-08-02,0.8105639
2018-08-03,-0.42179078
2018-08-06,0.6975212
2018-08-07,-0.33919454
2018-08-08,0.09725484
2018-08-09,0.17997932
2018-08-10,0.46762526
2018-08-13,0.45104563
2018-08-14,0.07751459
2018-08-15,0.32942033
2018-08-16,0.7079914
2018-08-20,0.09751889
2018-08-21,0.11036872
2018-08-22,0.42098847
2018-08-23,0.13345669
2018-08-24,0.5998177
2018-08-27,0.7642918
2018-08-28,0.6103361
2018-08-29,0.16224822
2018-08-30,0.7376338
2018-08-31,0.7336219
2018-09-04,0.70153564
2018-09-05,0.2751983
2018-09-06,0.09408221
2018-09-07,-0.88416106
2018-09-10,-0.5714059
2018-09-11,0.1963061
2018-09-12,0.10821666
2018-09-13,0.86639965
2018-09-14,0.44971362
2018-09-17,0.436787
2018-09-19,0.4936483
2018-09-20,0.8607178
2018-09-21,-0.28284633
2018-09-24,0.8867096
2018-09-26,0.47400603
2018-09-27,0.6164682
2018-09-28,0.30917692
2018-10-01,0.47763658
2018-10-02,0.80478376
2018-10-03,0.72300994
2018-10-04,0.7556011
2018-10-08,0.8266567
2018-10-09,0.46471274
2018-10-10,0.57228565
2018-10-11,0.6084049
2018-10-12,0.3514414
2018-10-15,0.5176207
2018-10-16,0.029005509
2018-10-17,0.46916193
2018-10-18,0.44164205
2018-10-19,0.56099975
2018-10-22,0.4831565
2018-10-23,0.22015882
2018-10-24,0.2968469
2018-10-25,0.18611239
2018-10-26,0.3249656
2018-10-29,0.21459727
2018-10-30,-0.25773117
2018-10-31,0.6072776
2018-11-01,0.8885296
2018-11-02,0.783746
2018-11-05,0.74680406
2018-11-06,0.38507238
2018-11-07,0.34909612
2018-11-08,0.8427315
2018-11-12,0.5060313
2018-11-13,0.2495588
2018-11-14,0.5609111
2018-11-15,0.464781
2018-11-16,0.89602464
2018-11-19,0.5213583
2018-11-20,0.40642408
2018-11-21,0.057747286
2018-11-23,0.025522295
2018-11-26,0.7386151
2018-11-27,0.6612024
2018-11-28,0.33330745
2018-11-29,0.19856408
2018-11-30,0.8319262
2018-12-03,0.29481173
2018-12-04,0.30034405
2018-12-06,0.70410246
2018-12-07,0.047223
2018-12-10,0.25503945
2018-12-11,0.28663728
2018-12-12,0.34800392
2018-12-13,0.4674446
2018-12-14,0.37458977
2018-12-17,-0.02253369
2018-12-18,0.423892
2018-12-19,-0.1911355
2018-12-20,0.25486895
2018-12-21,0.54017574
2018-12-24,-0.3703484
2018-12-26,0.34040993
2018-12-27,0.42880192
2018-12-28,0.6367794
2018-12-31,0.34673142
2019-01-02,0.4065555
2019-01-03,0.42613155
2019-01-04,0.02798387
2019-01-07,0.86237174
2019-01-08,0.1032475
2019-01-09,0.15384145
2019-01-10,0.80070186
2019-01-11,0.023325652
2019-01-14,0.6561247
2019-01-15,0.025076408
2019-01-16,0.097270146
2019-01-17,0.61889666
2019-01-18,0.15925142
2019-01-22,0.75289345
2019-01-23,0.8029511
2019-01-24,0.013167421
2019-01-25,0.89944047
2019-01-28,0.7688662
2019-01-29,0.7008945
2019-01-30,0.5696209
2019-01-31,-0.069985785
2019-02-01,0.6935168
2019-02-04,0.4890638
2019-02-05,0.55359864
2019-02-06,0.8393538
2019-02-07,-0.5179375
2019-02-08,0.59214777
2019-02-11,-0.42389593
2019-02-12,0.38234234
2019-02-13,0.48874578
2019-02-14,-8.7300934e-05
2019-02-15,-0.04921299
2019-02-19,0.67291623
2019-02-20,-0.056511987
2019-02-21,0.6151656
2019-02-22,0.48428318
2019-02-25,0.614318
2019-02-26,-0.013455942
2019-02-27,0.5581063
2019-02-28,0.11655551
2019-03-01,-0.16820791
2019-03-04,0.18894511
2019-03-05,0.44304165
2019-03-06,0.011039434
2019-03-07,0.574232
2019-03-08,0.42975193
2019-03-11,0.3970647
2019-03-12,-0.7921579
2019-03-13,0.4966053
2019-03-14,0.27076557
2019-03-15,0.55429226
2019-03-18,0.5974738
2019-03-19,-0.009548629
2019-03-21,0.13246989
2019-03-22,0.021884598
2019-03-25,0.0039004474
2019-03-26,-0.46418756
2019-03-27,0.8281171
2019-03-28,0.4587566
2019-03-29,0.4352921
2019-04-01,-0.0024425746
2019-04-02,0.19097638
2019-04-03,0.65865517
2019-04-04,0.86575586
2019-04-05,-0.38955262
2019-04-08,0.30925137
2019-04-09,0.113076136
2019-04-10,-0.8663318
2019-04-11,0.303023
2019-04-12,0.8598593
2019-04-15,0.022087228
2019-04-16,0.42006946
2019-04-17,-0.16226462
2019-04-18,0.13531493
2019-04-22,0.28365207
2019-04-23,-0.14220908
2019-04-24,0.061246462
2019-04-25,0.4811255
2019-04-26,0.8233711
2019-04-29,0.29878294
2019-04-30,0.8139793
2019-05-01,0.25684595
2019-05-02,0.030534461
2019-05-03,0.42116055
2019-05-06,0.05251971
2019-05-07,0.7519703
2019-05-08,0.60297465
2019-05-09,0.78309745
2019-05-10,0.60652834
2019-05-13,0.8442555
2019-05-14,0.3188367
2019-05-15,0.62539804
2019-05-16,0.40262714
2019-05-17,0.81792915
2019-05-20,0.63958436
2019-05-21,0.6205178
2019-05-22,0.599624
2019-05-23,0.30150715
2019-05-24,0.051697463
2019-05-28,0.43647408
2019-05-29,0.17881517
2019-05-30,0.28991714
2019-05-31,0.008238356
2019-06-03,0.46587408
2019-06-04,0.81709695
2019-06-05,-0.21506374
2019-06-06,0.86096823
2019-06-07,0.01546191
2019-06-10,0.17643258
2019-06-11,0.034144223
2019-06-12,0.63571596
2019-06-13,0.65667814
2019-06-17,0.8175707
2019-06-18,0.73142755
2019-06-19,0.5879845
2019-06-20,0.0025998454
2019-06-21,0.805568
2019-06-24,0.29611245
2019-06-25,0.46815133
2019-06-26,0.6310174
2019-06-27,0.0028597787
2019-06-28,0.46637458
2019-07-01,0.1903733
2019-07-02,-0.88949925
2019-07-03,-0.42520627
2019-07-05,-0.39155346
2019-07-08,0.5454094
2019-07-10,0.58231664
2019-07-11,0.3024828
2019-07-12,0.2150943
2019-07-15,0.31659502
2019-07-16,0.8879495
2019-07-17,0.69479245
2019-07-18,0.091484904
2019-07-19,0.352263
2019-07-22,0.20939073
2019-07-23,-0.28307492
2019-07-24,0.5793208
2019-07-25,0.41078907
2019-07-26,0.19393831
2019-07-29,0.87480664
2019-07-30,0.2544301
2019-07-31,0.88159317
2019-08-01,0.43308166
2019-08-02,0.32016593
2019-08-05,0.40304905
2019-08-06,0.5279093
2019-08-07,0.35358343
2019-08-08,0.43820757
2019-08-09,0.6551548
2019-08-12,0.8965598
2019-08-13,0.58878237
2019-08-14,0.5947972
2019-08-15,0.026234353
2019-08-16,0.7122179
2019-08-19,-0.43122092
2019-08-20,0.7206955
2019-08-21,0.5767977
2019-08-22,0.5903965
2019-08-23,0.8908822
2019-08-26,0.3083114
2019-08-27,0.8523159
2019-08-28,0.29156202
2019-08-29,0.27720037
2019-08-30,0.12477943
2019-09-03,0.69687605
2019-09-04,0.6774756
2019-09-05,0.44226545
2019-09-06,0.51462305
2019-09-09,0.3087073
2019-09-10,0.80032897
2019-09-11,0.34670797
2019-09-12,0.5379707
2019-09-13,0.08197668
2019-09-16,0.7345256
2019-09-17,0.7394128
2019-09-18,0.5908241
2019-09-19,0.570906
2019-09-20,0.68180954
2019-09-23,0.5837311
2019-09-24,0.5586222
2019-09-25,0.8060416
2019-09-26,0.8206439
2019-09-27,0.68360925
2019-09-30,0.83963025
2019-10-01,0.48562717
2019-10-02,0.16611157
2019-10-03,-0.19588442
2019-10-04,0.40572318
2019-10-07,0.43328452
2019-10-08,0.8520978
2019-10-09,0.31827378
2019-10-10,0.25894207
2019-10-11,0.4198685
2019-10-14,0.44686446
2019-10-15,0.33203095
2019-10-16,0.8427846
2019-10-17,0.80333424
2019-10-18,-0.28482094
2019-10-21,0.34801018
2019-10-23,0.85018945
2019-10-24,0.85083807
2019-10-25,0.13216005
2019-10-28,-0.05185475
2019-10-29,0.67844576
2019-10-30,-0.38846096
2019-10-31,0.5165381
2019-11-01,0.18875448
2019-11-04,0.43339238
2019-11-05,0.3385236
2019-11-06,0.590854
2019-11-07,0.28729367
2019-11-08,0.2373819
2019-11-11,0.78407526
2019-11-12,0.34484422
2019-11-13,0.019817874
2019-11-14,0.7055966
2019-11-15,-0.17997521
2019-11-18,0.052482825
2019-11-19,0.27148354
2019-11-20,0.7568681
2019-11-21,0.4446614
2019-11-22,0.015805379
2019-11-25,-0.02845326
2019-11-26,0.56412774
2019-11-27,0.3566141
2019-11-29,0.78926724
2019-12-02,0.3821602
2019-12-03,0.8740871
2019-12-04,0.4359405
2019-12-05,0.43082792
2019-12-06,0.87415737
2019-12-09,0.04350442
2019-12-10,0.6737882
2019-12-11,0.8198287
2019-12-12,0.1713978
2019-12-13,0.7354793
2019-12-16,0.49543786
2019-12-17,0.3041698
2019-12-18,0.41860536
2019-12-19,0.4914834
2019-12-20,0.15824243
2019-12-23,0.10436664
2019-12-24,0.0042152405
2019-12-26,0.08276311
2019-12-27,0.10614332
2019-12-30,0.29049945
2019-12-31,0.1068229
2020-01-02,0.107692555
2020-01-03,0.43182218
2020-01-06,0.36628115
2020-01-07,0.33746904
2020-01-08,0.8511164
2020-01-09,0.45052123
2020-01-10,0.321378
2020-01-13,0.8476988
2020-01-14,0.537686
2020-01-15,0.19782618
2020-01-16,0.054539606
2020-01-17,0.47809434
2020-01-21,0.51813585
2020-01-22,0.029804895
2020-01-23,0.8500638
2020-01-24,0.7286066
2020-01-27,0.4392755
2020-01-28,0.43568787
2020-01-29,0.039030492
2020-01-30,-0.41837153
2020-01-31,0.7111603
2020-02-03,0.30381396
2020-02-04,0.5928576
2020-02-05,0.64017403
2020-02-06,0.54585314
2020-02-07,0.856034
2020-02-10,0.7004566
2020-02-11,0.5634833
2020-02-12,0.45184892
2020-02-13,0.26486087
2020-02-14,0.25320083
2020-02-18,0.6160881
2020-02-19,0.31976882
2020-02-20,0.28557926
2020-02-21,0.53515464
2020-02-24,0.22275181
2020-02-25,0.45350212
2020-02-26,0.4337923
2020-02-27,0.2902258
2020-02-28,0.23309094
2020-03-02,0.64321655
2020-03-03,0.37945348
2020-03-04,0.40542942
2020-03-05,0.13736214
2020-03-06,0.38185653
2020-03-09,0.35945606
2020-03-10,0.4339415
2020-03-11,0.1820126
2020-03-12,0.33065268
2020-03-13,0.3328423
2020-03-16,0.25938338
2020-03-17,0.18433304
2020-03-18,0.36967567
2020-03-19,0.3049736
2020-03-20,0.21158904
2020-03-23,0.08485349
2020-03-24,0.31033796
2020-03-25,0.6898646
2020-03-26,0.15777346
2020-03-27,0.37267005
2020-03-30,0.44757956
2020-03-31,-0.033985715
2020-04-01,0.4966715
2020-04-02,0.49901906
2020-04-03,0.16741519
2020-04-06,0.42713934
2020-04-07,0.009012073
2020-04-08,-0.10874893
2020-04-09,0.016103476
2020-04-13,0.43934825
2020-04-14,0.23230304
2020-04-15,0.20617777
2020-04-16,0.62034863
2020-04-17,0.30617583
2020-04-20,0.24896975
2020-04-21,0.3416749
2020-04-22,0.8929769
2020-04-24,0.67650914
2020-04-27,0.43545532
2020-04-28,0.032660335
2020-04-29,-0.8065604
2020-04-30,0.4632702
2020-05-01,0.5130506
2020-05-04,0.35520217
2020-05-05,0.5146391
2020-05-06,-0.034614936
2020-05-07,0.79657656
2020-05-08,0.532439
2020-05-11,-0.24317412
2020-05-12,0.19299929
2020-05-13,0.21758586
2020-05-14,0.41644198
2020-05-15,0.24031954
2020-05-18,0.0796071
2020-05-19,0.29753605
2020-05-20,0.3733212
2020-05-21,-0.01131167
2020-05-22,0.6110615
2020-05-26,0.4925076
2020-05-27,0.3675845
2020-05-28,0.5901765
2020-05-29,0.22875465
2020-06-01,0.652321
2020-06-02,0.20128359
2020-06-03,0.3848297
2020-06-04,0.55977947
2020-06-05,-0.005002767
2020-06-08,0.33572462
2020-06-09,0.16826507
2020-06-10,0.32507822
2020-06-11,0.33983
2020-06-12,0.09076499
2020-06-15,0.59729505
2020-06-16,0.38367212
2020-06-17,0.5496021
2020-06-18,-0.04707408
2020-06-19,0.51955026
2020-06-22,-0.08861313
2020-06-24,0.62076414
2020-06-25,0.11686009
2020-06-26,0.17047763
2020-06-29,0.3418551
2020-06-30,0.35565096
2020-07-01,0.0838302
2020-07-02,0.414348
2020-07-06,0.0651176
2020-07-07,0.88502425
2020-07-08,0.47363776
2020-07-09,-0.054871976
2020-07-10,0.08720205
2020-07-13,0.14993535
2020-07-14,0.542405
2020-07-15,0.37095934
2020-07-16,0.8312849
2020-07-20,-0.122730434
2020-07-21,0.70317626
2020-07-22,0.17224403
2020-07-23,-0.25993854
2020-07-24,0.51812065
2020-07-27,0.8115018
2020-07-28,0.81024414
2020-07-29,0.39125904
2020-07-30,-0.040961847
2020-07-31,0.59491724
2020-08-03,-0.18023746
2020-08-04,0.05241725
2020-08-05,0.8032014
2020-08-06,0.51990557
2020-08-07,0.17299446
2020-08-10,0.7502459
2020-08-11,-0.03290185
2020-08-12,-0.047224242
2020-08-13,0.56041974
2020-08-14,0.3413877
2020-08-17,0.28632283
2020-08-18,0.114505105
2020-08-19,0.47007647
2020-08-20,0.40509322
2020-08-21,0.24272814
2020-08-24,0.12158534
2020-08-25,0.33714613
2020-08-26,0.27291194
2020-08-27,0.6963629
2020-08-28,0.18095241
2020-08-31,0.5357528
2020-09-01,-0.04372583
2020-09-02,-0.009094962
2020-09-03,0.39246428
2020-09-04,0.4397733
2020-09-08,0.028711597
2020-09-09,0.37317762
2020-09-10,0.16688496
2020-09-11,0.66311187
2020-09-14,-0.07030452
2020-09-15,0.7742923
2020-09-16,0.6407351
2020-09-17,0.37788653
2020-09-18,0.43588752
2020-09-21,0.41833523
2020-09-22,0.22303693
2020-09-23,0.35813862
2020-09-24,0.19908163
2020-09-25,0.009509225
2020-09-28,0.00311173
2020-09-29,0.4660985
2020-09-30,0.4953791
2020-10-01,0.75075096
2020-10-02,0.4401784
2020-10-05,-0.204842
2020-10-06,0.36228362
2020-10-07,0.10497849
2020-10-08,0.24019209
2020-10-09,-0.8299163
2020-10-12,0.46322784
2020-10-13,0.25816035
2020-10-14,0.6271339
2020-10-15,0.8433475
2020-10-16,0.5855334
2020-10-19,0.61342525
2020-10-20,0.2873221
2020-10-21,0.45541883
2020-10-22,0.54601216
2020-10-23,0.24687675
2020-10-26,0.035053015
2020-10-27,0.5574263
2020-10-28,0.15820216
2020-10-29,0.5038928
2020-10-30,0.8631784
2020-11-02,0.45199203
2020-11-03,0.03274782
2020-11-04,0.5235416
2020-11-05,0.084881164
2020-11-06,0.20350944
2020-11-09,0.52686
2020-11-10,-0.1028083
2020-11-11,-0.027475864
2020-11-12,0.18304738
2020-11-13,-0.11905502
2020-11-16,0.3561226
2020-11-17,0.32824692
2020-11-18,0.43194222
2020-11-19,0.50256276
2020-11-20,0.26935157
2020-11-23,0.71812946
2020-11-24,0.07154275
2020-11-25,0.16666201
2020-11-27,-0.16858338
2020-11-30,0.40817222
2020-12-01,0.2188152
2020-12-02,0.5078394
2020-12-03,0.89151305
2020-12-04,0.080281354
2020-12-07,-0.0917765
2020-12-08,0.7657314
2020-12-09,-0.19665353
2020-12-10,0.4711374
2020-12-11,0.2458965
2020-12-14,0.5015283
2020-12-15,0.33531526
2020-12-16,0.5625708
2020-12-17,0.098714225
2020-12-18,0.03849149
2020-12-21,0.6706017
2020-12-22,0.3668993
2020-12-23,0.8714908
2020-12-24,0.23142716
2020-12-28,0.5414555
2020-12-29,0.5206312
2020-12-30,-0.11545455
2021-01-04,0.45193085
2021-01-05,0.65224
2021-01-06,0.12993799
2021-01-07,0.1290571
2021-01-08,0.86381733
2021-01-11,0.4627533
2021-01-12,0.49730134
2021-01-13,0.44184387
2021-01-14,0.32493392
2021-01-15,0.3221644
2021-01-19,0.612726
2021-01-20,0.17726666
2021-01-21,0.2534629
2021-01-25,0.054362357
2021-01-26,0.6266899
2021-01-27,0.7464529
2021-01-28,0.6020845
2021-01-29,0.09631734
2021-02-01,-0.35961092
2021-02-02,0.23446158
2021-02-03,0.6269283
2021-02-04,0.59348893
2021-02-05,0.22743773
2021-02-08,0.8689433
2021-02-09,0.46970803
2021-02-10,0.4180284
2021-02-11,0.5780515
2021-02-12,0.43124595
2021-02-16,0.6239412
2021-02-17,0.18648237
2021-02-18,0.18009761
2021-02-19,0.6872974
2021-02-22,0.28863743
2021-02-23,0.059106797
2021-02-24,-0.87732244
2021-02-25,-0.23916537
2021-02-26,0.04428512
2021-03-01,0.38628983
2021-03-02,-0.31656462
2021-03-03,0.27417412
2021-03-04,0.08431066
2021-03-05,0.598302
2021-03-08,0.69064856
2021-03-09,0.49356487
2021-03-10,0.24577695
2021-03-11,0.56856626
2021-03-12,0.8641968
2021-03-15,0.34463802
2021-03-16,0.4612922
2021-03-17,0.35438251
2021-03-18,0.48108578
2021-03-19,0.32377693
2021-03-22,0.68718696
2021-03-23,0.608127
2021-03-24,0.38960284
2021-03-25,0.35649198
2021-03-26,0.06949706
2021-03-29,0.30617815
2021-03-30,0.5719721
2021-03-31,-0.047152303
2021-04-01,-0.17657329
2021-04-05,0.30828378
2021-04-06,0.03901328
2021-04-07,0.5359422
2021-04-08,0.4119941
2021-04-09,0.4411959
2021-04-12,0.7441028
2021-04-13,0.2425411
2021-04-14,0.20869339
2021-04-15,0.559464
2021-04-16,-0.068368554
2021-04-19,0.32742852
2021-04-20,0.5039898
2021-04-21,0.41426632
2021-04-22,-0.33878353
2021-04-23,0.72722405
2021-04-26,-0.88830256
2021-04-27,-0.15592559
2021-04-28,0.4269808
2021-04-29,0.25208116
2021-04-30,0.42734843
2021-05-03,0.36483327
2021-05-04,0.49987596
2021-05-05,0.62567514
2021-05-06,0.41985035
2021-05-07,0.49671406
2021-05-10,0.32028803
2021-05-11,0.45293212
2021-05-12,0.54047245
2021-05-13,0.793976
2021-05-14,-0.15491968
2021-05-17,0.22817445
2021-05-18,0.7269257
2021-05-19,0.7775378
2021-05-20,0.5533942
2021-05-21,0.52172023
2021-05-24,0.43818343
2021-05-25,0.6220752
2021-05-26,0.8223448
2021-05-27,-0.07071008
2021-05-28,0.63015914
2021-06-01,0.5742448
2021-06-02,0.30390817
2021-06-03,0.81605804
2021-06-04,0.49467504
2021-06-07,0.45139423
2021-06-08,0.41037014
2021-06-09,0.29811203
2021-06-10,0.18294662
2021-06-11,-0.09931615
2021-06-14,0.8217019
2021-06-15,0.45844394
2021-06-16,0.20801716
2021-06-17,0.48525357
2021-06-18,0.878009
2021-06-21,0.4811512
2021-06-22,0.8289912
2021-06-23,0.09747559
2021-06-24,0.86059266
2021-06-25,-0.10345322
2021-06-28,0.31409055
2021-06-29,0.06364642
2021-06-30,0.1609222
2021-07-01,0.10804534
2021-07-02,-0.12230043
2021-07-06,-0.76270986
2021-07-07,0.4785346
2021-07-08,0.08544049
2021-07-09,-0.0058861
2021-07-12,0.31740198
2021-07-13,0.19991772
2021-07-14,0.48516917
2021-07-15,0.42255297
2021-07-16,-0.2707638
2021-07-19,0.3216308
2021-07-20,0.19292063
2021-07-21,0.32666817
2021-07-22,0.27765965
2021-07-23,0.17867506
2021-07-26,0.50618136
2021-07-27,-0.013535053
2021-07-28,-0.08711504
2021-07-29,0.57247275
2021-07-30,0.603098
2021-08-02,0.5389428
2021-08-03,0.49864128
2021-08-04,0.720632
2021-08-05,0.28202853
2021-08-06,0.18763821
2021-08-09,0.41056928
2021-08-10,0.50557196
2021-08-11,0.30402607
2021-08-13,0.15685737
2021-08-16,-0.012560929
2021-08-17,0.36802813
2021-08-18,0.2756814
2021-08-19,0.37283134
2021-08-20,0.43312985
2021-08-23,0.62293506
2021-08-24,0.48632956
2021-08-25,0.22937885
2021-08-26,0.6839276
2021-08-27,0.776919
2021-08-30,0.47513548
2021-08-31,0.17979269
2021-09-01,0.75368834
2021-09-02,0.31860754
2021-09-03,0.065762356
2021-09-07,0.5413967
2021-09-08,0.8117901
2021-09-09,0.61980706
2021-09-10,0.28661257
2021-09-13,-0.86261684
2021-09-14,0.30393174
2021-09-15,0.65529996
2021-09-16,0.28750208
2021-09-17,0.46014887
2021-09-20,0.24332573
2021-09-21,0.13286981
2021-09-22,0.60937214
2021-09-23,0.44673693
2021-09-24,0.3299062
2021-09-27,0.13298933
2021-09-28,0.3339104
2021-09-29,0.19177042
2021-09-30,0.6434807
2021-10-01,0.09213243
2021-10-04,0.2632318
2021-10-05,0.6138112
2021-10-06,0.5212207
2021-10-07,0.3332594
2021-10-08,0.7592279
2021-10-11,0.4624296
2021-10-12,0.30133218
2021-10-13,0.35383663
2021-10-14,0.50645447
2021-10-15,0.6515329
2021-10-18,-0.391183
2021-10-19,0.22040668
2021-10-20,0.59829813
2021-10-21,-0.12919296
2021-10-22,0.6127899
2021-10-25,0.8132849
2021-10-26,0.6574453
2021-10-27,0.4494653
2021-10-28,0.46437612
2021-10-29,0.4772805
2021-11-01,0.46596858
2021-11-02,0.6378919
2021-11-03,0.3000188
2021-11-04,0.042945553
2021-11-05,0.08306985
2021-11-08,0.36413386
2021-11-09,0.40877882
2021-11-10,0.55297863
2021-11-11,0.5821998
2021-11-12,0.5899879
2021-11-15,0.541464
2021-11-16,0.41863465
2021-11-17,0.25768706
2021-11-18,0.77432585
2021-11-19,0.3530917
2021-11-22,0.5050389
2021-11-23,0.79964215
2021-11-24,0.547562
2021-11-26,0.4514848
2021-11-29,0.6416487
2021-11-30,0.5204696
2021-12-01,0.24709807
2021-12-02,0.5686706
2021-12-03,0.32731268
2021-12-06,0.48920712
2021-12-07,0.04805074
2021-12-08,0.43681097
2021-12-09,0.19632998
2021-12-10,-0.07150613
2021-12-13,-0.007956848
2021-12-14,0.4068846
2021-12-15,0.44308046
2021-12-16,0.5543134
2021-12-17,0.21385193
2021-12-20,0.77827036
2021-12-21,0.1832965
2021-12-22,0.39940727
2021-12-23,0.43980977
2021-12-27,0.5316072
2021-12-28,0.3871746
2021-12-29,0.18734334
2021-12-30,0.26032227
2021-12-31,0.022466497
2022-01-03,0.3546762
2022-01-04,0.18034844
2022-01-05,0.20051761
2022-01-06,0.4783536
2022-01-07,0.5770778
2022-01-10,0.48077467
2022-01-11,0.23974235
2022-01-12,0.60242933
2022-01-13,0.19134761
2022-01-14,0.24110422
2022-01-18,0.3755593
2022-01-19,0.2831313
2022-01-20,0.5673441
2022-01-21,0.30233097
2022-01-24,0.314244
2022-01-25,0.61790246
2022-01-26,0.5029465
2022-01-27,0.09385659
2022-01-28,0.48338264
2022-01-31,0.34152296
2022-02-01,0.44744754
2022-02-02,0.52547026
2022-02-03,0.12458658
2022-02-04,0.38545385
2022-02-07,0.15072696
2022-02-08,0.36351848
2022-02-09,0.1546556
2022-02-10,0.61576277
2022-02-11,0.57830244
2022-02-14,0.48323557
2022-02-15,0.39704698
2022-02-16,0.39792213
2022-02-17,-0.106407374
2022-02-18,0.31403372
2022-02-22,0.16817133
2022-02-23,0.12930238
2022-02-24,0.44617346
2022-02-25,0.19252838
2022-02-28,-0.1906148
2022-03-01,0.3553771
2022-03-02,0.36100587
2022-03-03,0.8218168
2022-03-04,0.39580923
2022-03-07,0.2959945
2022-03-08,0.70660245
2022-03-09,0.12778117
2022-03-10,0.3274994
2022-03-11,0.32636422
2022-03-14,0.3646606
2022-03-15,0.18684165
2022-03-16,0.3341211
2022-03-17,0.31895128
2022-03-18,0.51880825
2022-03-21,0.31936708
2022-03-22,0.1631774
2022-03-23,0.37109053
2022-03-24,0.521691
2022-03-25,0.5019829
2022-03-28,0.18003032
2022-03-29,0.7148883
2022-03-30,0.4405768
2022-03-31,-0.5415586
2022-04-01,-0.0648146
2022-04-04,0.3158233
2022-04-05,0.20109163
2022-04-06,0.034799483
2022-04-07,0.40694693
2022-04-08,0.116200946
2022-04-11,0.50390095
2022-04-12,0.009071017
2022-04-13,0.67777044
2022-04-14,0.27912304
2022-04-18,0.6583428
2022-04-19,0.3992003
2022-04-20,0.41846323
2022-04-21,0.28523633
2022-04-22,0.5336161
2022-04-25,0.03101479
2022-04-26,0.66330016
2022-04-27,0.61954004
2022-04-28,-0.0077711344
2022-04-29,0.22815196
2022-05-02,0.21177952
2022-05-03,0.049491804
2022-05-04,0.598771
2022-05-05,0.35110965
2022-05-06,0.66149104
2022-05-09,0.1282858
2022-05-10,0.19551669
2022-05-11,0.46010038
2022-05-12,0.48336715
2022-05-13,0.30456293
2022-05-16,0.4852932
2022-05-17,0.607011
2022-05-18,0.34169504
2022-05-19,0.2855065
2022-05-20,0.16604495
2022-05-23,0.36327016
2022-05-24,0.32581636
2022-05-25,0.027839279
2022-05-26,0.37227616
2022-05-27,-0.008582843
2022-05-31,0.32954246
2022-06-01,0.4385168
2022-06-02,0.2862856
2022-06-03,0.39555487
2022-06-06,0.3567885
2022-06-07,0.25714406
2022-06-08,0.5391928
2022-06-09,0.6388157
2022-06-10,0.070853285
2022-06-13,0.2662694
2022-06-14,0.5089261
2022-06-15,0.66223717
2022-06-16,0.3419984
2022-06-17,0.57653964
2022-06-21,0.6543497
2022-06-22,0.4122518
2022-06-23,0.45203894
2022-06-24,0.10334427
2022-06-27,0.6748022
2022-06-28,0.51657295
2022-06-29,0.37381795
2022-06-30,0.19031829
2022-07-01,0.21634163
2022-07-05,0.3550329
2022-07-06,0.7851785
2022-07-07,-0.34119463
2022-07-08,0.71122
2022-07-11,0.6257742
2022-07-12,-0.22960202
2022-07-13,0.0103066135
2022-07-14,0.4682938
2022-07-15,0.21738997
2022-07-18,0.30579832
2022-07-19,0.15992063
2022-07-20,0.54468435
2022-07-21,0.0552854
2022-07-22,0.48829105
2022-07-25,-0.012814258
2022-07-26,0.8414411
2022-07-27,0.46235532
2022-07-28,0.0108952075
2022-07-29,0.026542762
2022-08-01,0.40105945
2022-08-02,0.45632282
2022-08-03,0.094062924
2022-08-04,0.519141
2022-08-05,0.8185669
2022-08-08,0.33390334
2022-08-09,0.8600321
2022-08-10,0.44976348
2022-08-11,0.47495413
2022-08-12,0.12713128
2022-08-15,0.2554706
2022-08-16,-0.03975171
2022-08-17,0.34764707
2022-08-18,0.60780203
2022-08-19,0.38358578
2022-08-22,0.65594864
2022-08-23,-0.10524402
2022-08-24,0.032904286
2022-08-25,0.32926032
2022-08-26,0.23107554
2022-08-29,0.6038009
2022-08-30,0.44064116
2022-08-31,0.31175604
2022-09-01,0.35628015
2022-09-02,0.09175304
2022-09-06,0.40040472
2022-09-07,-0.0032678943
2022-09-08,0.3218691
2022-09-09,-0.31116658
2022-09-12,0.5235363
2022-09-13,0.22644328
2022-09-14,0.28080237
2022-09-15,0.47895193
2022-09-16,0.22584139
2022-09-19,0.25346223
2022-09-20,0.2145534
2022-09-21,0.26645645
2022-09-22,0.24080773
2022-09-23,0.19294046
2022-09-26,0.137495
2022-09-27,0.30300063
2022-09-28,0.5146403
2022-09-29,0.31634635
2022-09-30,0.4557903
2022-10-03,0.24902548
2022-10-04,0.27904263
2022-10-05,0.21997857
2022-10-06,0.442979
2022-10-07,0.54651743
2022-10-10,0.14553478
2022-10-11,0.4728547
2022-10-12,0.59689
2022-10-13,0.12209246
2022-10-14,0.49758846
2022-10-17,0.20032433
2022-10-18,0.47527537
2022-10-19,0.40937236
2022-10-20,0.1947895
2022-10-21,0.37188232
2022-10-24,0.030275103
2022-10-25,-0.13188457
2022-10-26,0.34476462
2022-10-27,0.34263054
2022-10-28,-0.15495843
2022-10-31,0.5352292
2022-11-01,0.3115148
2022-11-02,0.02011231
2022-11-03,0.068969265
2022-11-04,0.61156493
2022-11-07,0.2835748
2022-11-08,0.40003586
2022-11-09,0.49812955
2022-11-10,0.32949433
2022-11-11,-0.23488057
2022-11-14,0.5043757
2022-11-15,0.5100535
2022-11-16,0.38345885
2022-11-17,0.60856104
2022-11-18,0.15198803
2022-11-21,0.36250257
2022-11-22,0.24037424
2022-11-23,0.59958655
2022-11-25,0.48440662
2022-11-28,0.20488176
2022-11-29,0.34479275
2022-11-30,0.51442224
2022-12-01,-0.0066662184
2022-12-02,0.0629623
2022-12-05,0.1359285
2022-12-06,0.28320673
2022-12-07,0.1467069
2022-12-08,0.21768107
2022-12-09,-0.23515475
2022-12-12,0.054760758
2022-12-13,0.4514031
2022-12-14,0.15539987
2022-12-15,0.572472
2022-12-16,0.29803115
2022-12-19,0.23938997
2022-12-20,0.37163866
2022-12-21,0.22616114
2022-12-22,0.5631106
2022-12-23,0.3077332
2022-12-27,0.17752267
2022-12-28,0.39049944
2022-12-29,0.26130524
2022-12-30,0.101565465
2023-01-03,0.25282168
2023-01-04,0.05726299
2023-01-05,0.48553362
2023-01-06,0.05285588
2023-01-09,0.29743293
2023-01-10,0.210424
2023-01-11,0.2566032
2023-01-12,0.60575706
2023-01-13,0.43179092
2023-01-17,0.12806211
2023-01-18,0.1866926
2023-01-19,0.22526869
2023-01-20,0.33571956
2023-01-23,0.18458751
2023-01-24,0.2001633
2023-01-25,0.37681466
2023-01-26,0.09948249
2023-01-27,0.027104372
2023-01-30,0.25599357
2023-01-31,0.38244218
2023-02-01,0.0064645056
2023-02-02,0.08341972
2023-02-03,0.09498391
2023-02-06,0.17617185
2023-02-07,0.21614398
2023-02-08,0.5105189
2023-02-09,0.46663517
2023-02-10,0.39803126
2023-02-13,0.30616802
2023-02-14,0.5000995
2023-02-15,0.23513642
2023-02-16,0.35479876
2023-02-17,0.32365966
2023-02-21,0.21018615
2023-02-22,0.30180413
2023-02-23,0.39782682
2023-02-24,0.3608945
2023-02-27,0.09565759
2023-02-28,0.18402018
2023-03-01,0.27833095
2023-03-02,0.18801163
2023-03-03,0.21291557
2023-03-06,0.17222597
2023-03-07,0.08564109
2023-03-08,0.2992909
2023-03-09,0.27080557
2023-03-10,0.01725456
2023-03-13,0.32660034
2023-03-14,0.33461526
2023-03-15,0.23995934
2023-03-16,0.42332774
2023-03-17,0.33246425
2023-03-20,0.12843688
2023-03-21,-0.12400459
2023-03-22,0.11730624
2023-03-23,0.17456985
2023-03-24,0.04747043
2023-03-27,0.3346616
2023-03-28,0.49453285
2023-03-29,0.053146854
2023-03-30,0.030957378
2023-03-31,0.19464518
2023-04-03,0.22900519
2023-04-04,0.09057623
2023-04-05,0.35367745
2023-04-06,0.20448266
2023-04-10,0.29702023
2023-04-11,0.16228303
2023-04-12,0.324636
2023-04-13,0.33233386
2023-04-14,0.31029746
2023-04-17,0.116800696
2023-04-18,0.3647459
2023-04-19,0.32158554
2023-04-20,0.23049363
2023-05-01,0.052665003
2023-05-02,0.09935597
2023-05-03,0.14463231
2023-05-04,0.34804425
2023-05-05,0.35078365
2023-05-08,0.18996401
2023-05-09,0.4254862
2023-05-10,0.41709217
2023-05-11,0.22934397
2023-05-12,0.36144292
2023-05-15,0.2589293
2023-05-16,0.09189255
2023-05-17,0.13371061
2023-05-18,0.24087793
2023-05-19,-0.005697765
2023-05-22,0.18797553
2023-05-23,0.2841378
2023-05-24,0.42296603
2023-05-25,0.15669471
2023-05-26,-0.010334334
2023-05-30,0.055450045
2023-05-31,0.20909113
2023-06-01,0.13848548
2023-06-02,0.18924645
2023-06-05,0.17045218
2023-06-06,0.024635607
2023-06-07,0.13276441
2023-06-08,-0.06752326
2023-06-09,0.030385429
2023-06-12,0.18485293
2023-06-13,0.12558351
2023-06-14,0.31804797
2023-06-15,0.16360314
2023-06-16,0.26544604
2023-06-20,0.16034958
2023-06-21,0.1488326
2023-06-22,0.07354753
2023-06-23,0.13369766
2023-06-26,0.459743
2023-06-27,0.14451653
2023-06-28,0.11888555
2023-06-29,-0.06868038
2023-06-30,-0.06857447
2023-07-03,0.15206471
2023-07-05,0.3046397
2023-07-06,0.2384891
2023-07-07,-0.049613718
2023-07-10,0.109408274
2023-07-11,0.28339565
2023-07-12,-0.23941241
2023-07-13,-0.11898836
2023-07-14,-0.06626237
2023-07-17,0.11425025
2023-07-18,0.049555577
2023-07-19,0.30594805
2023-07-20,0.21515681
2023-07-21,0.11935429
2023-07-24,0.2845168
2023-07-25,0.11104978
2023-07-26,0.33920044
2023-07-27,0.23262903
2023-07-28,0.041371115
2023-07-31,-0.22493811
2023-08-01,0.022696959
2023-08-02,0.16995192
2023-08-03,0.021288602
2023-08-04,0.21854503
2023-08-07,-0.036150474
2023-08-08,0.05312158
2023-08-09,0.13875766
2023-08-10,-0.027814869
2023-08-11,0.28356427
2023-08-14,-0.006624038
2023-08-15,0.21177417
2023-08-16,0.4272271
2023-08-17,0.24144854
2023-08-18,0.016968906
2023-08-21,0.16224861
2023-08-22,0.28206867
2023-08-23,0.10728078
2023-08-24,0.19392842
2023-08-25,-0.01082612
2023-08-28,0.2115082
2023-08-29,0.22011018
2023-08-30,-0.09195224
2023-08-31,-0.080445
2023-09-01,0.35514998
2023-09-05,0.2647769
2023-09-06,0.24155636
2023-09-07,0.26717138
2023-09-08,0.05586465
2023-09-11,0.24571902
2023-09-12,0.11060106
2023-09-13,-0.127173
2023-09-14,0.26328826
2023-09-15,0.049124867
2023-09-18,0.25518042
2023-09-19,0.46042427
2023-09-20,0.04436704
2023-09-21,0.28510717
2023-09-22,0.05710075
2023-09-25,0.28764656
2023-09-26,0.29839295
2023-09-27,0.120422624
2023-09-28,0.44596353
2023-09-29,-0.0661466
2023-10-02,0.035410535
2023-10-03,0.047011614
2023-10-04,-0.09002929
2023-10-05,0.24924834
2023-10-06,0.050678536
2023-10-09,0.07442756
2023-10-10,0.23472062
2023-10-11,0.14280514
2023-10-12,0.18295746
2023-10-13,0.06119579
2023-10-16,-0.045286134
2023-10-17,0.1754377
2023-10-18,0.19890086
2023-10-19,0.076068856
2023-10-20,0.07907709
2023-10-23,0.19572991
2023-10-24,0.14622489
2023-10-25,0.116172776
2023-10-26,0.18168074
2023-10-27,0.12509736
2023-10-30,0.055350464
2023-10-31,0.24298993
2023-11-01,0.03467489
2023-11-02,0.14598562
2023-11-03,-0.058818515
2023-11-06,0.09242859
2023-11-07,-0.043358725
2023-11-08,0.00832601
2023-11-09,0.016294442
2023-11-10,-0.37694612
2023-11-13,0.25179517
2023-11-14,-0.12344476
2023-11-15,-0.1508496
2023-11-16,-0.036045294
2023-11-17,-0.0023655912
2023-11-20,-0.11014684
2023-11-21,0.10965315
2023-11-22,-0.12140003
2023-11-24,0.13311425
2023-11-27,0.17865136
2023-11-28,0.33682656
2023-11-29,0.089809686
2023-11-30,-0.07595315
2023-12-01,0.12256098
2023-12-04,0.106502265
2023-12-05,0.4392142
2023-12-06,-0.0060739103
2023-12-07,0.24994743
2023-12-08,-0.08604596
2023-12-11,0.15898727
2023-12-12,-0.14706457
2023-12-13,0.06318124
2023-12-14,-0.15273994
2023-12-15,-2.7565658e-05
2023-12-18,-0.019894253
2023-12-19,-0.26450807
2023-12-20,0.2150561
2023-12-21,0.24206996
2023-12-22,0.40108886
2023-12-26,0.08265716
2023-12-27,-0.049571406
2023-12-28,-0.0699636
2023-12-29,0.007484608
2024-01-02,0.21406372
2024-01-03,0.26774246
2024-01-04,0.09355621
2024-01-05,0.12318044
2024-01-08,-0.017391408
2024-01-09,-0.017741848
2024-01-10,0.10742309
2024-01-11,0.30158243
2024-01-12,0.009439422
2024-01-16,0.15122063
2024-01-17,-0.0989757
2024-01-18,0.06197697
2024-01-19,-0.2270505
2024-01-22,-0.21700351
2024-01-23,-0.22795938
2024-01-24,-0.29758725
2024-01-25,-0.11345727
2024-01-26,0.12429134
2024-01-29,0.37992346
2024-01-30,0.0046357973
2024-01-31,0.35376844
2024-02-01,-0.05340377
2024-02-02,-0.27159944
2024-02-05,-0.38820264
2024-02-06,0.055533964
2024-02-07,-0.17335992
2024-02-08,0.20516625
2024-02-09,-0.16178715
2024-02-12,-0.03995463
2024-02-13,0.19793083
2024-02-14,-0.04393894
2024-02-15,-0.012694378
2024-02-16,0.18040583
2024-02-20,-0.13142496
2024-02-21,0.2511485
2024-02-22,-0.16262491
2024-02-23,-0.41967177
2024-02-26,0.11128454
2024-02-27,0.15162653
2024-02-28,0.24757671
2024-02-29,0.05499679
2024-03-01,-0.26907274
2024-03-04,0.06999163
2025-02-01,-0.39595088
2025-02-02,-0.17353123
2025-02-03,-0.20491679
2025-02-04,-0.44735202
2025-02-05,-0.060094554
2025-02-06,-0.121492274
2025-02-07,-0.12855998
2025-02-08,-0.08620325
2025-02-09,-0.23134853
2025-02-10,-0.32319343
2025-02-11,-0.3571915
2025-02-12,-0.26523277
2025-02-13,-0.1253719
2025-02-14,-0.1969333
2025-02-15,-0.14035976
2025-02-16,-0.38233402
2025-02-17,-0.37181023
2025-02-18,-0.22987917
2025-02-19,-0.1849237
2025-02-20,-0.13200223
2025-02-21,-0.30245394
2025-02-22,-0.11134727
2025-02-23,-0.25352445
2025-02-24,-0.14369927
2025-02-25,-0.48091683
2025-02-26,-0.05958264
2025-02-27,-0.29694504
2025-02-28,-0.02825493
2025-03-01,-0.15610695
2025-03-02,-0.29943767
2025-03-03,-0.3282283
2025-03-04,-0.24993832
2025-03-05,-0.26697996
2025-03-06,-0.3750437
2025-03-07,0.04344205
2025-03-08,-0.11327357
2025-03-09,-0.17887142
2025-03-10,-0.19625975
2025-03-11,-0.009062028
2025-03-12,-0.109071925
2025-03-13,-0.29313254
2025-03-14,-0.16419984
2025-03-15,0.0368509
2025-03-16,-0.3019553
2025-03-17,-0.23776883
2025-03-18,-0.22510535
2025-03-19,-0.024276726
2025-03-20,-0.15974538
2025-03-21,-0.024761796
2025-03-22,-0.23709883
2025-03-23,-0.18769953
2025-03-24,-0.2396695
2025-03-25,-0.17356853
2025-03-26,-0.15347762
2025-03-27,-0.21799764
2025-03-28,-0.11194133
2025-03-29,-0.20796442
2025-03-30,-0.09864004
2025-03-31,-0.37297764
2025-04-01,-0.08238817
2025-04-02,-0.0036138305
2025-04-03,-0.12975009
2025-04-04,-0.07974798
2025-04-05,-0.20191196
2025-04-06,-0.28056392
2025-04-07,-0.1903132
2025-04-08,-0.23457986
2025-04-09,-0.22082269
2025-04-10,-0.20764624
2025-04-11,-0.16155155
2025-04-12,-0.24310577
2025-04-13,-0.19193894
2025-04-14,-0.16545594
2025-04-15,-0.06594867
2025-04-16,-0.12983815
2025-04-17,-0.25064772
2025-04-18,0.086511
2025-04-19,-0.07029283
2025-04-20,-0.277917
2025-04-21,-0.01857713
2025-04-22,0.057336394
2025-04-23,-0.1458786
2025-04-24,-0.37048468
2025-04-25,0.094738096
2025-04-26,-0.122118324
2025-04-27,-0.08784619
2025-04-28,-0.100653924
2025-04-29,-0.25303486
2025-04-30,-0.40284362
2025-05-01,-0.18832284
2025-05-02,-0.28689036
2025-05-03,0.051541764
2025-05-04,-0.24738336
2025-05-05,-0.14138556
2025-05-06,-0.055685792
2025-05-07,-0.12388089
2025-05-08,-0.09509007
2025-05-09,-0.3624074
2025-05-10,-0.21183126
2025-05-11,-0.196643
2025-05-12,-0.0484022
2025-05-13,0.16567983
2025-05-14,-0.2717191
2025-05-15,-0.098071575
2025-05-16,-0.152027
2025-05-17,0.021994736
2025-05-18,-0.08971768
2025-05-19,-0.19596456
2025-05-20,-0.2064535
2025-05-21,-0.1045553
2025-05-22,-0.21453424
2025-05-23,-0.04603421
2025-05-24,0.027665472
2025-05-25,-0.3384414
2025-05-26,-0.22475733
2025-05-27,-0.21215546
2025-05-28,-0.24321349
2025-05-29,-0.12199333
2025-05-30,-0.25401357
2025-05-31,-0.03132664
2025-06-01,-0.0720866
2025-06-02,-0.2750075
2025-06-03,-0.17447363
2025-06-04,-0.11697377
2025-06-05,-0.15723015
2025-06-06,-0.19227737
2025-06-07,-0.16733538
2025-06-08,-0.21008113
2025-06-09,0.034647018
2025-06-10,0.008707239
2025-06-11,-0.14459577
2025-06-12,-0.2935033
2025-06-13,-0.1991481
2025-06-14,-0.34590167
2025-06-15,-0.22466737
2025-06-16,-0.20828623
2025-06-17,-0.20877786
2025-06-18,-0.22092126
2025-06-19,0.0033504833
2025-06-20,-0.25420424
2025-06-21,0.033557408
2025-06-22,-0.17882167
2025-06-23,-0.008675182
2025-06-24,-0.31137463
2025-06-25,-0.35324538
2025-06-26,-0.15276147
2025-06-27,-0.30314508
2025-06-28,-0.30835903
2025-06-29,-0.20387058
2025-06-30,-0.13993901
2025-07-01,0.0044926736
2025-07-02,0.09591721
2025-07-03,-0.20551577
2025-07-04,-0.3512894
2025-07-05,-0.1120153
2025-07-06,-0.06436224
2025-07-07,-0.5667141
2025-07-08,-0.12650116
2025-07-09,-0.30425736
2025-07-10,-0.08592994
2025-07-11,-0.20590295
2025-07-12,-0.17769259
2025-07-13,-0.24800704
2025-07-14,-0.17325093
2025-07-15,-0.34411424
2025-07-16,-0.20611434
2025-07-17,-0.08931805
2025-07-18,-0.24115364
2025-07-19,-0.17526956
2025-07-20,-0.17687029
2025-07-21,-0.27492023
2025-07-22,-0.31310987
2025-07-23,-0.23906094
2025-07-24,-0.19359311
2025-07-25,-0.065335326
2025-07-26,-0.14726995
2025-07-27,-0.31911463
2025-07-28,0.0011340796
2025-07-29,-0.23399541
2025-07-30,-0.07709084
2025-07-31,-0.12358847
2025-08-01,-0.28052005
2025-08-02,-0.23305741
2025-08-03,-0.2103786
2025-08-04,-0.19902039
2025-08-05,-0.21743107
2025-08-06,-0.28869566
2025-08-07,-0.3898875
2025-08-08,-0.13836767
2025-08-09,-0.21190232
2025-08-10,-0.15281017
2025-08-11,-0.24666691
2025-08-12,-0.22056846
2025-08-13,-0.19090156
2025-08-14,-0.15457484
